"","filename","starttime"
"1","commentscollect1.csv","2018-11-26 20:03:13"
"2","commentscollect2.csv","2018-11-26 20:03:13"
"3","commentscollect3.csv","2018-11-26 20:03:13"
"4","commentscollect4.csv","2018-11-26 20:03:13"
"5","commentscollect5.csv","2018-11-26 20:03:13"
"6","commentscollect6.csv","2018-11-26 20:03:13"
"7","commentscollect7.csv","2018-11-26 20:03:13"
"8","commentscollect8.csv","2018-11-26 20:03:13"
"9","commentscollect9.csv","2018-11-26 20:03:13"
"10","commentscollect10.csv","2018-11-26 20:03:13"
